id,station,temp_c,dewpoint_c,humidity_pct,wind_deg,wind_kt,gust_kt,visibility_m,cloud_layers,pressure_hpa,max_temp_c_6h,metar_raw,valid_utc,captured_at,trace_id,created_at
1,KORD,0,-8.3,54,190,8,,,"[{""altFt"": 12000, ""cover"": ""BKN""}, {""altFt"": 25000, ""cover"": ""BKN""}]",,,KORD 241251Z 19008KT 10SM BKN120 BKN250 00/M08 A3037 RMK AO2 SLP290 T00001083,2026-03-24 12:51:00+00,2026-03-24 13:18:41.896+00,ruth-metar-kord-20260324-131841896,2026-03-24 13:18:41.903275+00
2,EGLC,13,8,72,230,15,,9999,"[{""altFt"": 1800, ""cover"": ""BKN""}]",1013,,EGLC 241250Z AUTO 23015KT 9999 BKN018 13/08 Q1013,2026-03-24 12:50:00+00,2026-03-24 13:18:41.903+00,ruth-metar-eglc-20260324-131841903,2026-03-24 13:18:41.936772+00
3,KATL,12.2,-5.6,28,80,11,,,"[{""altFt"": 18000, ""cover"": ""FEW""}, {""altFt"": 25000, ""cover"": ""BKN""}]",,,KATL 241252Z 08011KT 10SM FEW180 BKN250 12/M06 A3027 RMK AO2 SLP249 VIRGA OHD-W-N T01221056 $,2026-03-24 12:52:00+00,2026-03-24 13:18:41.943+00,ruth-metar-katl-20260324-131841943,2026-03-24 13:18:41.946764+00
4,KLGA,2.2,-7.2,50,330,12,,,[],,,KLGA 241251Z 33012KT 10SM CLR 02/M07 A3038 RMK AO2 SLP287 T00221072,2026-03-24 12:51:00+00,2026-03-24 13:18:41.946+00,ruth-metar-klga-20260324-131841946,2026-03-24 13:18:41.949514+00
5,KDAL,16.1,7.2,56,120,7,,,"[{""altFt"": 20000, ""cover"": ""BKN""}, {""altFt"": 25000, ""cover"": ""OVC""}]",,,KDAL 241253Z 12007KT 10SM BKN200 OVC250 16/07 A3010 RMK AO2 SLP185 T01610072,2026-03-24 12:53:00+00,2026-03-24 13:18:41.949+00,ruth-metar-kdal-20260324-131841949,2026-03-24 13:18:41.953393+00
6,KMIA,20.6,15,70,360,6,,,"[{""altFt"": 2500, ""cover"": ""FEW""}]",,,KMIA 241253Z 36006KT 10SM FEW025 21/15 A3010 RMK AO2 SLP193 T02060150 $,2026-03-24 12:53:00+00,2026-03-24 13:18:41.953+00,ruth-metar-kmia-20260324-131841953,2026-03-24 13:18:41.9575+00
7,KSEA,6.7,5,89,130,6,,,"[{""altFt"": 3800, ""cover"": ""BKN""}, {""altFt"": 4800, ""cover"": ""OVC""}]",,,KSEA 241253Z 13006KT 7SM -RA BKN038 OVC048 07/05 A2984 RMK AO2 SLP114 P0004 T00670050 $,2026-03-24 12:53:00+00,2026-03-24 13:18:41.957+00,ruth-metar-ksea-20260324-131841957,2026-03-24 13:18:41.959982+00
8,LFPG,18,2,34,230,12,,,[],1019,,LFPG 241300Z 23012KT 170V260 CAVOK 18/02 Q1019 NOSIG,2026-03-24 13:00:00+00,2026-03-24 13:18:41.965+00,ruth-metar-lfpg-20260324-131841965,2026-03-24 13:18:41.969957+00
9,CYYZ,-2,-8,64,240,3,,,"[{""altFt"": 25000, ""cover"": ""FEW""}]",,,CYYZ 241300Z 24003KT 150V250 15SM FEW250 M02/M08 A3040 RMK CI1 SLP306,2026-03-24 13:00:00+00,2026-03-24 13:18:41.977+00,ruth-metar-cyyz-20260324-131841977,2026-03-24 13:18:41.98095+00
10,KORD,0,-8.3,54,190,8,,,"[{""altFt"": 12000, ""cover"": ""BKN""}, {""altFt"": 25000, ""cover"": ""BKN""}]",,,KORD 241251Z 19008KT 10SM BKN120 BKN250 00/M08 A3037 RMK AO2 SLP290 T00001083,2026-03-24 12:51:00+00,2026-03-24 13:18:51.929+00,ruth-metar-kord-20260324-131851929,2026-03-24 13:18:51.933016+00
11,EGLC,13,8,72,230,15,,9999,"[{""altFt"": 1800, ""cover"": ""BKN""}]",1013,,EGLC 241250Z AUTO 23015KT 9999 BKN018 13/08 Q1013,2026-03-24 12:50:00+00,2026-03-24 13:18:51.933+00,ruth-metar-eglc-20260324-131851933,2026-03-24 13:18:51.936334+00
12,KATL,12.2,-5.6,28,80,11,,,"[{""altFt"": 18000, ""cover"": ""FEW""}, {""altFt"": 25000, ""cover"": ""BKN""}]",,,KATL 241252Z 08011KT 10SM FEW180 BKN250 12/M06 A3027 RMK AO2 SLP249 VIRGA OHD-W-N T01221056 $,2026-03-24 12:52:00+00,2026-03-24 13:18:51.935+00,ruth-metar-katl-20260324-131851935,2026-03-24 13:18:51.940309+00
13,KLGA,2.2,-7.2,50,330,12,,,[],,,KLGA 241251Z 33012KT 10SM CLR 02/M07 A3038 RMK AO2 SLP287 T00221072,2026-03-24 12:51:00+00,2026-03-24 13:18:51.939+00,ruth-metar-klga-20260324-131851939,2026-03-24 13:18:51.944072+00
14,KDAL,16.1,7.2,56,120,7,,,"[{""altFt"": 20000, ""cover"": ""BKN""}, {""altFt"": 25000, ""cover"": ""OVC""}]",,,KDAL 241253Z 12007KT 10SM BKN200 OVC250 16/07 A3010 RMK AO2 SLP185 T01610072,2026-03-24 12:53:00+00,2026-03-24 13:18:51.944+00,ruth-metar-kdal-20260324-131851944,2026-03-24 13:18:51.946446+00
15,KMIA,20.6,15,70,360,6,,,"[{""altFt"": 2500, ""cover"": ""FEW""}]",,,KMIA 241253Z 36006KT 10SM FEW025 21/15 A3010 RMK AO2 SLP193 T02060150 $,2026-03-24 12:53:00+00,2026-03-24 13:18:51.946+00,ruth-metar-kmia-20260324-131851946,2026-03-24 13:18:51.948689+00
16,KSEA,6.7,5,89,130,6,,,"[{""altFt"": 3800, ""cover"": ""BKN""}, {""altFt"": 4800, ""cover"": ""OVC""}]",,,KSEA 241253Z 13006KT 7SM -RA BKN038 OVC048 07/05 A2984 RMK AO2 SLP114 P0004 T00670050 $,2026-03-24 12:53:00+00,2026-03-24 13:18:51.948+00,ruth-metar-ksea-20260324-131851948,2026-03-24 13:18:51.952051+00
17,LFPG,18,2,34,230,12,,,[],1019,,LFPG 241300Z 23012KT 170V260 CAVOK 18/02 Q1019 NOSIG,2026-03-24 13:00:00+00,2026-03-24 13:18:51.952+00,ruth-metar-lfpg-20260324-131851952,2026-03-24 13:18:51.954233+00
18,CYYZ,-2,-8,64,240,3,,,"[{""altFt"": 25000, ""cover"": ""FEW""}]",,,CYYZ 241300Z 24003KT 150V250 15SM FEW250 M02/M08 A3040 RMK CI1 SLP306,2026-03-24 13:00:00+00,2026-03-24 13:18:51.955+00,ruth-metar-cyyz-20260324-131851955,2026-03-24 13:18:51.958466+00
19,EGLC,13,8,72,230,12,,9999,"[{""altFt"": 1900, ""cover"": ""BKN""}]",1013,,EGLC 241320Z AUTO 23012KT 9999 BKN019 13/08 Q1013,2026-03-24 13:20:00+00,2026-03-24 13:24:14.4+00,ruth-metar-eglc-20260324-132414400,2026-03-24 13:24:14.420503+00
20,LFPG,18,3,37,240,11,,,[],1019,,LFPG 241330Z 24011KT 200V260 CAVOK 18/03 Q1019 NOSIG,2026-03-24 13:30:00+00,2026-03-24 13:32:17.253+00,ruth-metar-lfpg-20260324-133217253,2026-03-24 13:32:17.271538+00
21,KORD,1.1,-7.8,51,190,12,,,"[{""altFt"": 13000, ""cover"": ""BKN""}, {""altFt"": 25000, ""cover"": ""BKN""}]",,,KORD 241351Z 19012KT 10SM BKN130 BKN250 01/M08 A3037 RMK AO2 SLP292 T00111078,2026-03-24 13:51:00+00,2026-03-24 14:00:02.136+00,ruth-metar-kord-20260324-140002136,2026-03-24 14:00:02.33111+00
22,KATL,12.2,-5,30,90,13,,,"[{""altFt"": 11000, ""cover"": ""FEW""}, {""altFt"": 15000, ""cover"": ""SCT""}, {""altFt"": 20000, ""cover"": ""BKN""}]",,,KATL 241352Z 09013KT 10SM FEW110 SCT150 BKN200 12/M05 A3028 RMK AO2 SLP253 VIRGA OHD-ALQDS T01221050 $,2026-03-24 13:52:00+00,2026-03-24 14:00:02.418+00,ruth-metar-katl-20260324-140002418,2026-03-24 14:00:02.430458+00
23,KLGA,3.3,-8.9,40,350,13,19,,"[{""altFt"": 25000, ""cover"": ""FEW""}]",,,KLGA 241351Z 35013G19KT 10SM FEW250 03/M09 A3040 RMK AO2 SLP294 T00331089,2026-03-24 13:51:00+00,2026-03-24 14:00:02.322+00,ruth-metar-klga-20260324-140002322,2026-03-24 14:00:02.435035+00
24,EGLC,13,8,72,220,15,28,9999,"[{""altFt"": 2100, ""cover"": ""OVC""}]",1012,,EGLC 241350Z AUTO 22015G28KT 9999 OVC021 13/08 Q1012,2026-03-24 13:50:00+00,2026-03-24 14:00:02.449+00,ruth-metar-eglc-20260324-140002449,2026-03-24 14:00:02.459865+00
25,KDAL,16.7,8.3,58,130,10,,,"[{""altFt"": 21000, ""cover"": ""BKN""}, {""altFt"": 25000, ""cover"": ""BKN""}]",,,KDAL 241353Z 13010KT 10SM BKN210 BKN250 17/08 A3010 RMK AO2 SLP187 T01670083,2026-03-24 13:53:00+00,2026-03-24 14:00:02.488+00,ruth-metar-kdal-20260324-140002488,2026-03-24 14:00:02.502778+00
26,KMIA,22.8,15,61,,,,,[],,,KMIA 241353Z VRB03KT 10SM CLR 23/15 A3011 RMK AO2 SLP195 T02280150,2026-03-24 13:53:00+00,2026-03-24 14:00:02.558+00,ruth-metar-kmia-20260324-140002558,2026-03-24 14:00:02.591814+00
27,KSEA,6.1,5.6,97,0,0,,,"[{""altFt"": 1900, ""cover"": ""FEW""}, {""altFt"": 2900, ""cover"": ""SCT""}, {""altFt"": 3500, ""cover"": ""OVC""}]",,,KSEA 241353Z 00000KT 4SM -RA BR FEW019 SCT029 OVC035 06/06 A2980 RMK AO2 SLP100 P0009 T00610056 $,2026-03-24 13:53:00+00,2026-03-24 14:00:02.624+00,ruth-metar-ksea-20260324-140002624,2026-03-24 14:00:02.639236+00
28,LFPG,19,3,35,220,15,,,[],1018,,LFPG 241400Z 22015KT CAVOK 19/03 Q1018 NOSIG,2026-03-24 14:00:00+00,2026-03-24 14:02:23.097+00,ruth-metar-lfpg-20260324-140223097,2026-03-24 14:02:23.146776+00
29,KSEA,6.1,5.6,97,0,0,,,"[{""altFt"": 1900, ""cover"": ""SCT""}, {""altFt"": 3000, ""cover"": ""BKN""}, {""altFt"": 3500, ""cover"": ""OVC""}]",,,KSEA 241404Z 00000KT 2 1/2SM R16L/3500VP6000FT -RA BR SCT019 BKN030 OVC035 06/06 A2980 RMK AO2 P0001 T00610056 $,2026-03-24 14:04:00+00,2026-03-24 14:06:41.101+00,ruth-metar-ksea-20260324-140641101,2026-03-24 14:06:41.115353+00
30,CYYZ,-1,-9,55,210,9,,,"[{""altFt"": 12000, ""cover"": ""FEW""}, {""altFt"": 25000, ""cover"": ""SCT""}]",,,CYYZ 241400Z 21009KT 15SM FEW120 SCT250 M01/M09 A3039 RMK AC1CI3 AC TR SLP301,2026-03-24 14:00:00+00,2026-03-24 14:07:35.097+00,ruth-metar-cyyz-20260324-140735097,2026-03-24 14:07:35.134203+00
31,EGLC,13,8,72,230,14,24,9999,"[{""altFt"": 2000, ""cover"": ""BKN""}]",1012,,EGLC 241420Z AUTO 23014G24KT 9999 BKN020 13/08 Q1012,2026-03-24 14:20:00+00,2026-03-24 14:24:17.252+00,ruth-metar-eglc-20260324-142417252,2026-03-24 14:24:17.267849+00
32,LFPG,18,4,39,210,12,,,[],1018,,LFPG 241430Z 21012KT CAVOK 18/04 Q1018 NOSIG,2026-03-24 14:30:00+00,2026-03-24 14:32:17.843+00,ruth-metar-lfpg-20260324-143217843,2026-03-24 14:32:17.858582+00
33,KSEA,6.1,5.6,97,0,0,,,"[{""altFt"": 300, ""cover"": ""FEW""}, {""altFt"": 3100, ""cover"": ""BKN""}, {""altFt"": 7000, ""cover"": ""OVC""}]",,,KSEA 241444Z 00000KT 2SM -RA BR FEW003 BKN031 OVC070 06/06 A2979 RMK AO2 P0018 T00610056 $,2026-03-24 14:44:00+00,2026-03-24 14:46:32.836+00,ruth-metar-ksea-20260324-144632836,2026-03-24 14:46:32.852332+00
34,KORD,2.8,-7.8,46,180,9,,,"[{""altFt"": 11000, ""cover"": ""FEW""}, {""altFt"": 13000, ""cover"": ""BKN""}, {""altFt"": 25000, ""cover"": ""OVC""}]",,,KORD 241451Z 18009KT 10SM FEW110 BKN130 OVC250 03/M08 A3037 RMK AO2 SLP292 T00281078 52002,2026-03-24 14:51:00+00,2026-03-24 15:00:07.952+00,ruth-metar-kord-20260324-150007952,2026-03-24 15:00:08.014142+00
37,KLGA,3.9,-9.4,37,340,12,17,,"[{""altFt"": 25000, ""cover"": ""FEW""}]",,,KLGA 241451Z 34012G17KT 10SM FEW250 04/M09 A3042 RMK AO2 SLP302 T00391094 53018,2026-03-24 14:51:00+00,2026-03-24 15:00:07.966+00,ruth-metar-klga-20260324-150007966,2026-03-24 15:00:08.031764+00
35,KATL,13.9,-5,27,90,12,26,,"[{""altFt"": 15000, ""cover"": ""SCT""}, {""altFt"": 18000, ""cover"": ""BKN""}, {""altFt"": 25000, ""cover"": ""BKN""}]",,,KATL 241452Z 09012G26KT 10SM SCT150 BKN180 BKN250 14/M05 A3029 RMK AO2 PK WND 09026/1447 SLP255 VIRGA NE-SE-SW-W T01391050 51021 $,2026-03-24 14:52:00+00,2026-03-24 15:00:07.972+00,ruth-metar-katl-20260324-150007972,2026-03-24 15:00:08.033087+00
36,KDAL,18.9,10.6,59,140,9,,,"[{""altFt"": 21000, ""cover"": ""BKN""}, {""altFt"": 25000, ""cover"": ""BKN""}]",,,KDAL 241453Z 14009KT 10SM BKN210 BKN250 19/11 A3011 RMK AO2 SLP190 T01890106 53007,2026-03-24 14:53:00+00,2026-03-24 15:00:07.978+00,ruth-metar-kdal-20260324-150007978,2026-03-24 15:00:08.034157+00
38,EGLC,13,8,72,230,17,28,9999,"[{""altFt"": 1800, ""cover"": ""OVC""}]",1011,,EGLC 241450Z AUTO 23017G28KT 9999 OVC018 13/08 Q1011,2026-03-24 14:50:00+00,2026-03-24 15:00:07.959+00,ruth-metar-eglc-20260324-150007959,2026-03-24 15:00:08.034766+00
39,KMIA,25,13.3,48,0,0,,,[],,,KMIA 241453Z 00000KT 10SM CLR 25/13 A3011 RMK AO2 SLP195 T02500133 51007,2026-03-24 14:53:00+00,2026-03-24 15:00:07.991+00,ruth-metar-kmia-20260324-150007991,2026-03-24 15:00:08.037458+00
40,KSEA,6.1,5.6,97,290,3,,,"[{""altFt"": 300, ""cover"": ""FEW""}, {""altFt"": 1100, ""cover"": ""SCT""}, {""altFt"": 3500, ""cover"": ""BKN""}]",,,KSEA 241453Z 29003KT 2SM RA BR FEW003 SCT011 BKN035 06/06 A2979 RMK AO2 SLP096 P0020 60033 T00610056 56034 $,2026-03-24 14:53:00+00,2026-03-24 15:00:08.044+00,ruth-metar-ksea-20260324-150008044,2026-03-24 15:00:08.051779+00
41,LFPG,18,3,37,210,15,26,,[],1017,,LFPG 241500Z 21015G26KT CAVOK 18/03 Q1017 NOSIG,2026-03-24 15:00:00+00,2026-03-24 15:02:22.947+00,ruth-metar-lfpg-20260324-150222947,2026-03-24 15:02:22.96161+00
42,KSEA,6.1,5.6,97,300,3,,,"[{""altFt"": 100, ""cover"": ""SCT""}, {""altFt"": 1100, ""cover"": ""SCT""}, {""altFt"": 3900, ""cover"": ""OVC""}]",,,KSEA 241500Z 30003KT 1 1/2SM RA BR SCT001 SCT011 OVC039 06/06 A2979 RMK AO2 TWR VIS 2 P0003 T00610056 $,2026-03-24 15:00:00+00,2026-03-24 15:02:34.949+00,ruth-metar-ksea-20260324-150234949,2026-03-24 15:02:34.962253+00
43,CYYZ,0,-9,51,200,10,,,"[{""altFt"": 13000, ""cover"": ""SCT""}, {""altFt"": 25000, ""cover"": ""BKN""}]",,,CYYZ 241500Z 20010KT 170V230 15SM SCT130 BKN250 00/M09 A3038 RMK AC3CI2 SLP298,2026-03-24 15:00:00+00,2026-03-24 15:07:14.242+00,ruth-metar-cyyz-20260324-150714242,2026-03-24 15:07:14.290875+00
44,EGLC,12,8,77,220,13,,9999,"[{""altFt"": 1700, ""cover"": ""OVC""}]",1010,,EGLC 241520Z AUTO 22013KT 180V250 9999 OVC017 12/08 Q1010,2026-03-24 15:20:00+00,2026-03-24 15:24:17.252+00,ruth-metar-eglc-20260324-152417252,2026-03-24 15:24:17.278335+00
45,KSEA,6.1,5.6,97,310,5,,,"[{""altFt"": 100, ""cover"": ""FEW""}, {""altFt"": 1100, ""cover"": ""SCT""}, {""altFt"": 3000, ""cover"": ""OVC""}]",,,KSEA 241528Z 31005KT 2SM -RA BR FEW001 SCT011 OVC030 06/06 A2977 RMK AO2 P0010 T00610056,2026-03-24 15:28:00+00,2026-03-24 15:30:32.247+00,ruth-metar-ksea-20260324-153032247,2026-03-24 15:30:32.284566+00
46,LFPG,18,4,39,220,15,,,[],1017,,LFPG 241530Z 22015KT CAVOK 18/04 Q1017 NOSIG,2026-03-24 15:30:00+00,2026-03-24 15:32:14.393+00,ruth-metar-lfpg-20260324-153214393,2026-03-24 15:32:14.410958+00
47,KSEA,6.1,5.6,97,290,5,,,"[{""altFt"": 200, ""cover"": ""SCT""}, {""altFt"": 1100, ""cover"": ""BKN""}, {""altFt"": 3000, ""cover"": ""OVC""}]",,,KSEA 241535Z 29005KT 1 1/2SM R16L/2000VP6000FT RA BR SCT002 BKN011 OVC030 06/06 A2978 RMK AO2 TWR VIS 2 P0013 T00610056,2026-03-24 15:35:00+00,2026-03-24 15:37:17.398+00,ruth-metar-ksea-20260324-153717398,2026-03-24 15:37:17.409776+00
48,KORD,4.4,-8.3,39,190,7,,,"[{""altFt"": 10000, ""cover"": ""BKN""}, {""altFt"": 14000, ""cover"": ""BKN""}, {""altFt"": 25000, ""cover"": ""BKN""}]",,,KORD 241551Z 19007KT 10SM BKN100 BKN140 BKN250 04/M08 A3036 RMK AO2 SLP289 T00441083,2026-03-24 15:51:00+00,2026-03-24 16:00:02.099+00,ruth-metar-kord-20260324-160002099,2026-03-24 16:00:02.109813+00
49,KLGA,4.4,-10,34,330,12,18,,[],,,KLGA 241551Z 33012G18KT 10SM CLR 04/M10 A3042 RMK AO2 SLP301 T00441100,2026-03-24 15:51:00+00,2026-03-24 16:00:02.2+00,ruth-metar-klga-20260324-160002200,2026-03-24 16:00:02.300683+00
50,KATL,15.6,-6.7,21,110,15,26,,"[{""altFt"": 15000, ""cover"": ""FEW""}, {""altFt"": 18000, ""cover"": ""SCT""}, {""altFt"": 25000, ""cover"": ""SCT""}]",,,KATL 241552Z 11015G26KT 10SM FEW150 SCT180 SCT250 16/M07 A3027 RMK AO2 PK WND 06026/1531 SLP248 ACC S-W T01561067 $,2026-03-24 15:52:00+00,2026-03-24 16:00:02.355+00,ruth-metar-katl-20260324-160002355,2026-03-24 16:00:02.369219+00
51,EGLC,12,8,77,220,15,,9999,"[{""altFt"": 1600, ""cover"": ""OVC""}]",1009,,EGLC 241550Z AUTO 22015KT 9999 OVC016 12/08 Q1009,2026-03-24 15:50:00+00,2026-03-24 16:00:02.49+00,ruth-metar-eglc-20260324-160002490,2026-03-24 16:00:02.531537+00
52,KSEA,6.1,6.1,100,0,0,,,"[{""altFt"": 200, ""cover"": ""FEW""}, {""altFt"": 500, ""cover"": ""SCT""}, {""altFt"": 2800, ""cover"": ""OVC""}, {""altFt"": 500, ""cover"": ""SCT""}]",,,KSEA 241553Z 00000KT 1SM R16L/0200VP6000FT -RA BR FEW002 SCT005 OVC028 06/06 A2975 RMK AO2 TWR VIS 2 PRESFR SLP081 SCT005 V BKN P0022 T00610061 $,2026-03-24 15:53:00+00,2026-03-24 16:00:02.531+00,ruth-metar-ksea-20260324-160002531,2026-03-24 16:00:02.543105+00
53,KMIA,26.1,13.3,45,,,,,[],,,KMIA 241553Z VRB06KT 10SM CLR 26/13 A3010 RMK AO2 SLP194 T02610133,2026-03-24 15:53:00+00,2026-03-24 16:00:02.542+00,ruth-metar-kmia-20260324-160002542,2026-03-24 16:00:02.554257+00
54,KDAL,21.1,12.2,57,130,9,15,,[],,,KDAL 241553Z 13009G15KT 10SM CLR 21/12 A3011 RMK AO2 SLP189 T02110122 $,2026-03-24 15:53:00+00,2026-03-24 16:00:02.579+00,ruth-metar-kdal-20260324-160002579,2026-03-24 16:00:02.587195+00
55,CYYZ,1,-9,47,220,8,,,"[{""altFt"": 12000, ""cover"": ""BKN""}, {""altFt"": 25000, ""cover"": ""BKN""}]",,,CYYZ 241600Z 22008KT 200V280 15SM BKN120 BKN250 01/M09 A3038 RMK AC5CI1 SLP298,2026-03-24 16:00:00+00,2026-03-24 16:07:40.95+00,ruth-metar-cyyz-20260324-160740950,2026-03-24 16:07:40.970497+00
56,LFPG,17,4,42,210,14,,,[],1016,,LFPG 241608Z 21014KT CAVOK 17/04 Q1016 NOSIG,2026-03-24 16:08:00+00,2026-03-24 16:10:32.097+00,ruth-metar-lfpg-20260324-161032097,2026-03-24 16:10:32.110318+00
57,KSEA,6.7,6.1,96,160,6,,,"[{""altFt"": 500, ""cover"": ""SCT""}, {""altFt"": 1200, ""cover"": ""BKN""}, {""altFt"": 3300, ""cover"": ""OVC""}]",,,KSEA 241617Z 16006KT 2 1/2SM R16L/4000VP6000FT -RA BR SCT005 BKN012 OVC033 07/06 A2975 RMK AO2 P0008 T00670061 $,2026-03-24 16:17:00+00,2026-03-24 16:19:38.097+00,ruth-metar-ksea-20260324-161938097,2026-03-24 16:19:38.114571+00
58,EGLC,12,8,77,220,17,29,9999,"[{""altFt"": 1700, ""cover"": ""BKN""}, {""altFt"": 2300, ""cover"": ""OVC""}]",1009,,EGLC 241620Z AUTO 22017G29KT 9999 BKN017 OVC023 12/08 Q1009,2026-03-24 16:20:00+00,2026-03-24 16:24:17.537+00,ruth-metar-eglc-20260324-162417537,2026-03-24 16:24:17.550179+00
59,LFPG,17,5,45,210,17,,,[],1016,,LFPG 241630Z 21017KT CAVOK 17/05 Q1016 NOSIG,2026-03-24 16:30:00+00,2026-03-24 16:32:17.392+00,ruth-metar-lfpg-20260324-163217392,2026-03-24 16:32:17.408098+00
60,KSEA,6.7,6.1,96,140,4,,,"[{""altFt"": 300, ""cover"": ""SCT""}, {""altFt"": 1100, ""cover"": ""BKN""}, {""altFt"": 3500, ""cover"": ""OVC""}]",,,KSEA 241631Z 14004KT 1SM R16L/P6000FT -RA BR SCT003 BKN011 OVC035 07/06 A2975 RMK AO2 SFC VIS 3 P0010 T00670061 $,2026-03-24 16:31:00+00,2026-03-24 16:33:47.254+00,ruth-metar-ksea-20260324-163347254,2026-03-24 16:33:47.268879+00
61,KORD,6.1,-7.8,36,180,10,,,"[{""altFt"": 9500, ""cover"": ""SCT""}, {""altFt"": 13000, ""cover"": ""BKN""}, {""altFt"": 25000, ""cover"": ""OVC""}]",,,KORD 241651Z 18010KT 10SM SCT095 BKN130 OVC250 06/M08 A3033 RMK AO2 SLP278 T00611078,2026-03-24 16:51:00+00,2026-03-24 17:00:02.711+00,ruth-metar-kord-20260324-170002711,2026-03-24 17:00:02.847963+00
62,EGLC,12,8,77,220,17,28,9999,"[{""altFt"": 1700, ""cover"": ""BKN""}, {""altFt"": 2200, ""cover"": ""OVC""}]",1008,,EGLC 241650Z AUTO 22017G28KT 9999 BKN017 OVC022 12/08 Q1008,2026-03-24 16:50:00+00,2026-03-24 17:00:02.883+00,ruth-metar-eglc-20260324-170002883,2026-03-24 17:00:02.897313+00
63,KATL,17.8,-7.2,18,100,8,19,,"[{""altFt"": 15000, ""cover"": ""FEW""}, {""altFt"": 20000, ""cover"": ""SCT""}, {""altFt"": 25000, ""cover"": ""SCT""}]",,,KATL 241652Z 10008G19KT 10SM FEW150 SCT200 SCT250 18/M07 A3026 RMK AO2 SLP245 ACC SE S-SW T01781072 $,2026-03-24 16:52:00+00,2026-03-24 17:00:02.898+00,ruth-metar-katl-20260324-170002898,2026-03-24 17:00:02.903868+00
64,KLGA,5.6,-8.9,34,330,4,,,"[{""altFt"": 25000, ""cover"": ""FEW""}]",,,KLGA 241651Z 33004KT 10SM FEW250 06/M09 A3040 RMK AO2 SLP292 T00561089,2026-03-24 16:51:00+00,2026-03-24 17:00:02.997+00,ruth-metar-klga-20260324-170002997,2026-03-24 17:00:03.033845+00
65,KDAL,22.8,13.9,57,110,8,16,,"[{""altFt"": 22000, ""cover"": ""FEW""}, {""altFt"": 25000, ""cover"": ""FEW""}]",,,KDAL 241653Z 11008G16KT 10SM FEW220 FEW250 23/14 A3009 RMK AO2 SLP185 T02280139 $,2026-03-24 16:53:00+00,2026-03-24 17:00:03.074+00,ruth-metar-kdal-20260324-170003074,2026-03-24 17:00:03.083175+00
66,KMIA,27.2,12.2,39,,,,,[],,,KMIA 241653Z VRB04KT 10SM CLR 27/12 A3010 RMK AO2 SLP192 T02720122,2026-03-24 16:53:00+00,2026-03-24 17:00:03.084+00,ruth-metar-kmia-20260324-170003084,2026-03-24 17:00:03.095943+00
67,KSEA,6.7,6.1,96,0,0,,,"[{""altFt"": 600, ""cover"": ""SCT""}, {""altFt"": 1300, ""cover"": ""BKN""}, {""altFt"": 3500, ""cover"": ""OVC""}, {""altFt"": 600, ""cover"": ""SCT""}]",,,KSEA 241653Z 00000KT 1SM R16L/P6000FT -RA BR SCT006 BKN013 OVC035 07/06 A2975 RMK AO2 SFC VIS 2 1/2 SLP081 SCT006 V BKN P0013 T00670061 $,2026-03-24 16:53:00+00,2026-03-24 17:00:03.113+00,ruth-metar-ksea-20260324-170003113,2026-03-24 17:00:03.121936+00
68,LFPG,17,5,45,210,15,,,[],1016,,LFPG 241700Z 21015KT CAVOK 17/05 Q1016 NOSIG,2026-03-24 17:00:00+00,2026-03-24 17:02:19.945+00,ruth-metar-lfpg-20260324-170219945,2026-03-24 17:02:19.958586+00
69,CYYZ,3,-8,44,230,10,18,,"[{""altFt"": 12000, ""cover"": ""FEW""}, {""altFt"": 25000, ""cover"": ""BKN""}]",,,CYYZ 241700Z 23010G18KT 200V270 15SM FEW120 BKN250 03/M08 A3034 RMK AC2CS4 HALO SLP284,2026-03-24 17:00:00+00,2026-03-24 17:07:28.951+00,ruth-metar-cyyz-20260324-170728951,2026-03-24 17:07:28.990307+00
70,KSEA,6.7,6.1,96,300,8,,,"[{""altFt"": 400, ""cover"": ""SCT""}, {""altFt"": 800, ""cover"": ""BKN""}, {""altFt"": 1500, ""cover"": ""OVC""}]",,,KSEA 241714Z 30008KT 1SM R16L/5500VP6000FT +RA BR SCT004 BKN008 OVC015 07/06 A2977 RMK AO2 PRESRR P0004 T00670061 $,2026-03-24 17:14:00+00,2026-03-24 17:16:26.245+00,ruth-metar-ksea-20260324-171626245,2026-03-24 17:16:26.261275+00
71,KSEA,6.7,6.1,96,310,7,,,"[{""altFt"": 300, ""cover"": ""BKN""}, {""altFt"": 1100, ""cover"": ""OVC""}, {""altFt"": 300, ""cover"": ""BKN""}]",,,KSEA 241719Z 31007KT 1SM R16L/5500VP6000FT -RA BR BKN003 OVC011 07/06 A2977 RMK AO2 BKN003 V SCT P0005 T00670061 $,2026-03-24 17:19:00+00,2026-03-24 17:21:24.145+00,ruth-metar-ksea-20260324-172124145,2026-03-24 17:21:24.15953+00
72,EGLC,12,8,77,230,17,,9999,"[{""altFt"": 1600, ""cover"": ""OVC""}]",1008,,EGLC 241720Z AUTO 23017KT 9999 OVC016 12/08 Q1008,2026-03-24 17:20:00+00,2026-03-24 17:24:11.399+00,ruth-metar-eglc-20260324-172411399,2026-03-24 17:24:11.415302+00
73,LFPG,16,5,48,210,12,,,[],1016,,LFPG 241730Z 21012KT CAVOK 16/05 Q1016 NOSIG,2026-03-24 17:30:00+00,2026-03-24 17:32:14.251+00,ruth-metar-lfpg-20260324-173214251,2026-03-24 17:32:14.261847+00
74,KORD,7.2,-9.4,30,210,9,,,"[{""altFt"": 9000, ""cover"": ""BKN""}, {""altFt"": 25000, ""cover"": ""OVC""}]",,7.2,KORD 241751Z 21009KT 10SM BKN090 OVC250 07/M09 A3032 RMK AO2 SLP274 T00721094 10072 21011 58017,2026-03-24 17:51:00+00,2026-03-24 18:00:05.885+00,ruth-metar-kord-20260324-180005885,2026-03-24 18:00:05.90033+00
75,EGLC,12,8,77,230,16,26,9999,"[{""altFt"": 1600, ""cover"": ""OVC""}]",1007,,EGLC 241750Z AUTO 23016G26KT 9999 OVC016 12/08 Q1007,2026-03-24 17:50:00+00,2026-03-24 18:00:05.952+00,ruth-metar-eglc-20260324-180005952,2026-03-24 18:00:05.958752+00
76,KATL,18.3,-6.1,18,100,9,18,,"[{""altFt"": 15000, ""cover"": ""FEW""}, {""altFt"": 20000, ""cover"": ""FEW""}, {""altFt"": 25000, ""cover"": ""SCT""}]",,19.4,KATL 241752Z 10009G18KT 10SM FEW150 FEW200 SCT250 18/M06 A3025 RMK AO2 SLP241 ACC NE E SE-SW T01831061 10194 20111 56014 $,2026-03-24 17:52:00+00,2026-03-24 18:00:05.958+00,ruth-metar-katl-20260324-180005958,2026-03-24 18:00:05.983053+00
77,KLGA,6.7,-9.4,31,0,0,,,"[{""altFt"": 25000, ""cover"": ""FEW""}]",,6.7,KLGA 241751Z 00000KT 10SM FEW250 07/M09 A3037 RMK AO2 SLP283 T00671094 10067 20017 58019,2026-03-24 17:51:00+00,2026-03-24 18:00:05.983+00,ruth-metar-klga-20260324-180005983,2026-03-24 18:00:05.999507+00
78,KDAL,24.4,13.9,52,160,9,16,,"[{""altFt"": 22000, ""cover"": ""FEW""}, {""altFt"": 25000, ""cover"": ""FEW""}]",,24.4,KDAL 241753Z 16009G16KT 10SM FEW220 FEW250 24/14 A3008 RMK AO2 SLP180 T02440139 10244 20161 58010 $,2026-03-24 17:53:00+00,2026-03-24 18:00:10.985+00,ruth-metar-kdal-20260324-180010985,2026-03-24 18:00:10.990885+00
79,KMIA,27.8,12.2,38,0,0,,,"[{""altFt"": 5000, ""cover"": ""FEW""}]",,28.3,KMIA 241753Z 00000KT 10SM FEW050 28/12 A3007 RMK AO2 SLP183 T02780122 10283 20183 58012,2026-03-24 17:53:00+00,2026-03-24 18:00:10.99+00,ruth-metar-kmia-20260324-180010990,2026-03-24 18:00:10.995607+00
80,KSEA,6.1,5.6,97,0,0,,,"[{""altFt"": 0, ""cover"": ""FEW""}, {""altFt"": 300, ""cover"": ""BKN""}, {""altFt"": 1100, ""cover"": ""OVC""}, {""altFt"": 0, ""cover"": ""FEW""}]",,6.7,KSEA 241753Z 00000KT 1SM R16L/6000VP6000FT RA BR FEW000 BKN003 OVC011 06/06 A2975 RMK AO2 SLP083 BR FEW000 P0014 60082 T00610056 10067 20061 55013 $,2026-03-24 17:53:00+00,2026-03-24 18:00:15.991+00,ruth-metar-ksea-20260324-180015991,2026-03-24 18:00:15.999781+00
81,LFPG,16,5,48,210,15,,,[],1015,,LFPG 241800Z 21015KT CAVOK 16/05 Q1015 NOSIG,2026-03-24 18:00:00+00,2026-03-24 18:02:25.947+00,ruth-metar-lfpg-20260324-180225947,2026-03-24 18:02:25.958118+00
82,CYYZ,3,-7,48,230,10,17,,"[{""altFt"": 3500, ""cover"": ""FEW""}, {""altFt"": 10000, ""cover"": ""SCT""}, {""altFt"": 25000, ""cover"": ""BKN""}]",,,CYYZ 241800Z 23010G17KT 15SM FEW035 SCT100 BKN250 03/M07 A3033 RMK CF1AC3CS4 CF TR SLP281,2026-03-24 18:00:00+00,2026-03-24 18:07:26.099+00,ruth-metar-cyyz-20260324-180726099,2026-03-24 18:07:26.141114+00
83,KSEA,6.1,6.1,100,0,0,,,"[{""altFt"": 0, ""cover"": ""FEW""}, {""altFt"": 300, ""cover"": ""SCT""}, {""altFt"": 1200, ""cover"": ""OVC""}, {""altFt"": 0, ""cover"": ""FEW""}, {""altFt"": 300, ""cover"": ""SCT""}]",,,KSEA 241812Z 00000KT 1 1/2SM -RA BR FEW000 SCT003 OVC012 06/06 A2977 RMK AO2 BR FEW000 SCT003 V BKN P0004 T00610061 $,2026-03-24 18:12:00+00,2026-03-24 18:14:41.246+00,ruth-metar-ksea-20260324-181441246,2026-03-24 18:14:41.259125+00
84,EGLC,12,9,82,220,16,27,9999,"[{""altFt"": 1500, ""cover"": ""BKN""}, {""altFt"": 2200, ""cover"": ""OVC""}]",1007,,EGLC 241820Z AUTO 22016G27KT 190V250 9999 BKN015 OVC022 12/09 Q1007,2026-03-24 18:20:00+00,2026-03-24 18:24:26.249+00,ruth-metar-eglc-20260324-182426249,2026-03-24 18:24:26.26066+00
85,LFPG,15,5,51,220,15,,,[],1015,,LFPG 241830Z 22015KT CAVOK 15/05 Q1015 NOSIG,2026-03-24 18:30:00+00,2026-03-24 18:32:11.391+00,ruth-metar-lfpg-20260324-183211391,2026-03-24 18:32:11.402257+00
86,KSEA,6.7,6.7,100,140,5,,,"[{""altFt"": 0, ""cover"": ""SCT""}, {""altFt"": 1000, ""cover"": ""SCT""}, {""altFt"": 2600, ""cover"": ""OVC""}, {""altFt"": 0, ""cover"": ""SCT""}]",,,KSEA 241840Z 14005KT 1 1/2SM -RA BR SCT000 SCT010 OVC026 07/07 A2975 RMK AO2 BR SCT000 P0005 T00670067 $,2026-03-24 18:40:00+00,2026-03-24 18:42:41.852+00,ruth-metar-ksea-20260324-184241852,2026-03-24 18:42:41.865865+00
87,KORD,8.3,-9.4,27,220,7,,,"[{""altFt"": 9000, ""cover"": ""BKN""}, {""altFt"": 25000, ""cover"": ""OVC""}]",,,KORD 241851Z 22007KT 10SM BKN090 OVC250 08/M09 A3030 RMK AO2 SLP265 T00831094,2026-03-24 18:51:00+00,2026-03-24 19:00:02.572+00,ruth-metar-kord-20260324-190002572,2026-03-24 19:00:02.625222+00
88,EGLC,12,9,82,230,14,,9999,"[{""altFt"": 1400, ""cover"": ""BKN""}, {""altFt"": 2200, ""cover"": ""OVC""}]",1006,,EGLC 241850Z AUTO 23014KT 190V260 9999 BKN014 OVC022 12/09 Q1006,2026-03-24 18:50:00+00,2026-03-24 19:00:02.684+00,ruth-metar-eglc-20260324-190002684,2026-03-24 19:00:02.68948+00
89,KATL,19.4,-4.4,20,80,7,,,"[{""altFt"": 15000, ""cover"": ""FEW""}, {""altFt"": 20000, ""cover"": ""SCT""}, {""altFt"": 25000, ""cover"": ""SCT""}]",,,KATL 241852Z 08007KT 050V120 10SM FEW150 SCT200 SCT250 19/M04 A3022 RMK AO2 SLP232 ACC E DSNT SE S T01941044,2026-03-24 18:52:00+00,2026-03-24 19:00:02.69+00,ruth-metar-katl-20260324-190002690,2026-03-24 19:00:02.699015+00
90,KLGA,7.2,-9.4,30,350,4,,,"[{""altFt"": 25000, ""cover"": ""FEW""}]",,,KLGA 241851Z 35004KT 10SM FEW250 07/M09 A3033 RMK AO2 SLP270 T00721094,2026-03-24 18:51:00+00,2026-03-24 19:00:07.691+00,ruth-metar-klga-20260324-190007691,2026-03-24 19:00:07.703662+00
91,KDAL,27.2,13.3,42,160,12,18,,"[{""altFt"": 4700, ""cover"": ""FEW""}, {""altFt"": 21000, ""cover"": ""FEW""}, {""altFt"": 25000, ""cover"": ""FEW""}]",,,KDAL 241853Z 16012G18KT 10SM FEW047 FEW210 FEW250 27/13 A3004 RMK AO2 PRESFR SLP168 T02720133 $,2026-03-24 18:53:00+00,2026-03-24 19:00:07.703+00,ruth-metar-kdal-20260324-190007703,2026-03-24 19:00:07.710389+00
92,KMIA,29.4,11.7,34,20,4,,,"[{""altFt"": 6000, ""cover"": ""FEW""}, {""altFt"": 25000, ""cover"": ""FEW""}]",,,KMIA 241853Z 02004KT 10SM FEW060 FEW250 29/12 A3005 RMK AO2 SLP175 T02940117,2026-03-24 18:53:00+00,2026-03-24 19:00:07.715+00,ruth-metar-kmia-20260324-190007715,2026-03-24 19:00:07.71784+00
93,KSEA,7.8,7.2,96,160,6,,,"[{""altFt"": 200, ""cover"": ""FEW""}, {""altFt"": 1000, ""cover"": ""SCT""}, {""altFt"": 3500, ""cover"": ""OVC""}]",,,KSEA 241853Z 16006KT 2SM -RA BR FEW002 SCT010 OVC035 08/07 A2976 RMK AO2 SLP086 P0006 T00780072 $,2026-03-24 18:53:00+00,2026-03-24 19:00:07.726+00,ruth-metar-ksea-20260324-190007726,2026-03-24 19:00:07.728579+00
94,LFPG,15,5,51,210,14,,,[],1015,,LFPG 241900Z 21014KT CAVOK 15/05 Q1015 NOSIG,2026-03-24 19:00:00+00,2026-03-24 19:02:23.099+00,ruth-metar-lfpg-20260324-190223099,2026-03-24 19:02:23.113154+00
95,CYYZ,3,-6,52,250,12,21,,"[{""altFt"": 3500, ""cover"": ""FEW""}, {""altFt"": 7500, ""cover"": ""FEW""}, {""altFt"": 10000, ""cover"": ""BKN""}]",,,CYYZ 241900Z 25012G21KT 15SM FEW035 FEW075 BKN100 03/M06 A3031 RMK CF1AC2AS5 CF TR SLP276,2026-03-24 19:00:00+00,2026-03-24 19:07:32.087+00,ruth-metar-cyyz-20260324-190732087,2026-03-24 19:07:32.093587+00
